{
  "iteration": 13,
  "num_iterations": 14,
  "landmark_chi": 277481.53125,
  "map_error": 0.19174693524837494,
  "position_error": 0.6364414691925049,
  "orientation_error": 0.07223668694496155,
  "converged": false
}