{
  "iteration": 15,
  "num_iterations": 16,
  "landmark_chi": 279691.09375,
  "map_error": 0.157067209482193,
  "position_error": 0.3338595926761627,
  "orientation_error": 0.058514781296253204,
  "converged": false
}