{
  "iteration": 24,
  "num_iterations": 25,
  "landmark_chi": 276510.4375,
  "map_error": 0.12570296227931976,
  "position_error": 0.11410102248191833,
  "orientation_error": 0.03163829445838928,
  "converged": false
}