{
  "iteration": 12,
  "num_iterations": 13,
  "landmark_chi": 279312.8125,
  "map_error": 0.21453715860843658,
  "position_error": 0.850135326385498,
  "orientation_error": 0.0828508660197258,
  "converged": false
}