{
  "iteration": 3,
  "num_iterations": 4,
  "landmark_chi": 547037.5625,
  "map_error": 0.41083917021751404,
  "position_error": 2.3027114868164062,
  "orientation_error": 0.37680381536483765,
  "converged": false
}