{
  "iteration": 14,
  "num_iterations": 15,
  "landmark_chi": 290984.9375,
  "map_error": 0.13170377910137177,
  "position_error": 0.49306169152259827,
  "orientation_error": 0.06348462402820587,
  "inliers": 19280.0,
  "converged": false
}