{
  "iteration": 8,
  "num_iterations": 9,
  "landmark_chi": 296484.15625,
  "map_error": 0.25567445158958435,
  "position_error": 1.5572559833526611,
  "orientation_error": 0.12549355626106262,
  "inliers": 19259.0,
  "converged": false
}