{
  "iteration": 23,
  "num_iterations": 24,
  "landmark_chi": 276488.03125,
  "map_error": 0.08297621458768845,
  "position_error": 0.10307080298662186,
  "orientation_error": 0.03156203031539917,
  "inliers": 19273.0,
  "converged": false
}