{
  "iteration": 1,
  "num_iterations": 2,
  "landmark_chi": 4163561.75,
  "map_error": 0.4028979539871216,
  "position_error": 3.211129665374756,
  "orientation_error": 0.7745955586433411,
  "inliers": 18115.0,
  "converged": false
}