{
  "iteration": 4,
  "num_iterations": 5,
  "landmark_chi": 398573.3125,
  "map_error": 0.3379553556442261,
  "position_error": 2.0726051330566406,
  "orientation_error": 0.262836754322052,
  "inliers": 19169.0,
  "converged": false
}