{
  "iteration": 6,
  "num_iterations": 7,
  "landmark_chi": 305606.25,
  "map_error": 0.3312011957168579,
  "position_error": 1.7009748220443726,
  "orientation_error": 0.17104731500148773,
  "converged": false
}