{
  "iteration": 3,
  "num_iterations": 4,
  "landmark_chi": 579782.4375,
  "map_error": 0.3734667897224426,
  "position_error": 2.3762571811676025,
  "orientation_error": 0.3756967782974243,
  "inliers": 19055.0,
  "converged": false
}