{
  "iteration": 27,
  "num_iterations": 28,
  "landmark_chi": 271312.4375,
  "map_error": 0.12406541407108307,
  "position_error": 0.11343393474817276,
  "orientation_error": 0.028809793293476105,
  "converged": false
}