{
  "iteration": 20,
  "num_iterations": 21,
  "landmark_chi": 287064.125,
  "map_error": 0.08778040111064911,
  "position_error": 0.11328327655792236,
  "orientation_error": 0.037377193570137024,
  "inliers": 19286.0,
  "converged": false
}