{
  "iteration": 21,
  "num_iterations": 22,
  "landmark_chi": 286899.5,
  "map_error": 0.08465784043073654,
  "position_error": 0.10635001212358475,
  "orientation_error": 0.03430180251598358,
  "inliers": 19288.0,
  "converged": false
}