{
  "iteration": 29,
  "num_iterations": 30,
  "landmark_chi": 281153.65625,
  "map_error": 0.07968801259994507,
  "position_error": 0.1045045480132103,
  "orientation_error": 0.02650168165564537,
  "inliers": 19249.0,
  "converged": false
}