{
  "iteration": 13,
  "num_iterations": 14,
  "landmark_chi": 292333.96875,
  "map_error": 0.1511722356081009,
  "position_error": 0.6674853563308716,
  "orientation_error": 0.07122685015201569,
  "inliers": 19277.0,
  "converged": false
}