{
  "iteration": 10,
  "num_iterations": 11,
  "landmark_chi": 293344.78125,
  "map_error": 0.21331708133220673,
  "position_error": 1.2333519458770752,
  "orientation_error": 0.09876032173633575,
  "inliers": 19266.0,
  "converged": false
}