{
  "iteration": 0,
  "num_iterations": 1,
  "landmark_chi": 18188750.0,
  "map_error": 0.41212892532348633,
  "position_error": 4.617568016052246,
  "orientation_error": 1.292624831199646,
  "inliers": 15369.0,
  "converged": false
}