{
  "iteration": 1,
  "num_iterations": 2,
  "landmark_chi": 4095919.5,
  "map_error": 0.446320503950119,
  "position_error": 3.1473402976989746,
  "orientation_error": 0.7526121139526367,
  "converged": false
}