{
  "iteration": 19,
  "num_iterations": 20,
  "landmark_chi": 288139.28125,
  "map_error": 0.08845238387584686,
  "position_error": 0.12731978297233582,
  "orientation_error": 0.040973540395498276,
  "inliers": 19291.0,
  "converged": false
}