{
  "iteration": 5,
  "num_iterations": 6,
  "landmark_chi": 338650.625,
  "map_error": 0.3119064271450043,
  "position_error": 1.8570359945297241,
  "orientation_error": 0.2075849026441574,
  "inliers": 19221.0,
  "converged": false
}