{
  "iteration": 25,
  "num_iterations": 26,
  "landmark_chi": 281349.1875,
  "map_error": 0.08161529898643494,
  "position_error": 0.1028408482670784,
  "orientation_error": 0.029399331659078598,
  "inliers": 19266.0,
  "converged": false
}