{
  "iteration": 22,
  "num_iterations": 23,
  "landmark_chi": 286591.8125,
  "map_error": 0.0836358368396759,
  "position_error": 0.10461309552192688,
  "orientation_error": 0.0326860174536705,
  "inliers": 19279.0,
  "converged": false
}