{
  "iteration": 20,
  "num_iterations": 21,
  "landmark_chi": 282824.6875,
  "map_error": 0.13096825778484344,
  "position_error": 0.12190952897071838,
  "orientation_error": 0.03662530332803726,
  "converged": false
}