{
  "iteration": 24,
  "num_iterations": 25,
  "landmark_chi": 271424.1875,
  "map_error": 0.0819132998585701,
  "position_error": 0.10342126339673996,
  "orientation_error": 0.030616041272878647,
  "inliers": 19272.0,
  "converged": false
}