{
  "iteration": 9,
  "num_iterations": 10,
  "landmark_chi": 296663.625,
  "map_error": 0.2343168407678604,
  "position_error": 1.4051800966262817,
  "orientation_error": 0.1102697029709816,
  "inliers": 19264.0,
  "converged": false
}