{
  "iteration": 17,
  "num_iterations": 18,
  "landmark_chi": 288245.4375,
  "map_error": 0.09699467569589615,
  "position_error": 0.1779055893421173,
  "orientation_error": 0.04655265808105469,
  "inliers": 19288.0,
  "converged": false
}